,Cytokine Specificity Score
Snord22,-1.490898604
Sorbs1,-0.842374575
Lyrm1,-0.468812496
Sec61g,0.009878532
2310010J17Rik,-0.526817027
Scnn1a,-1.4579628
Gm3716,-1.709798189
Ido2,-1.008065793
Ecscr,-0.270589122
Gm10734,-0.730473719
Cpne8,-0.85731848
Adcy4,-0.743146469
C1ra,-0.821916284
D330050G23Rik,0.122520445
Il2ra,-0.676386589
Aqp9,0.212330685
Spp1,-0.040045473
Timp1,0.04200746
Cpeb2,-0.30119862
Hacd1,-0.159931391
Il6st,0.098709633
Rlf,0.006761313
Xbp1,0.030182186
Atp2b4,-1.568295729
Entpd3,-1.093446247
C1rb,-1.182907925
Lrrc4,-0.860304846
Prune2,0.149636331
Ptges3-ps,-0.152435365
Cybc1,0.026388608
Rab1a,0.11120116
Tarm1,-0.527286063
Cd53,-0.211613339
Slc25a38,-0.501629239
Atp5pb,-0.334440334
Ppp2ca,-0.185443521
Rassf1,-0.102230104
Ggta1,0.031949277
Mdfic,-0.03246586
Slc39a1,0.298914131
Fcgr3,0.15643375
Pdk1,0.047739837
Usp36,0.151147113
Gdpd2,0.214163912
Slc39a10,0.202045059
Fabp5,-0.524396334
Gpr35,-0.523208455
Krtcap2,-0.212014655
Ppp1ccb,-0.340453064
Rab24,-0.048039926
Adam9,-0.230277259
Itga6,-0.227675851
Ifitm1,-0.408698573
Fcgr2b,-0.495929101
Tm2d2,-0.410217101
Ambp,-0.939827446
Cst7,0.198351638
Tdg,-0.449534399
B3galt6,1.066406529
Hspb9,0.177916476
Bbs10,0.240782415
Prokr1,0.410744673
Slc35f6,0.079718505
Flot1,0.03123317
Hsd3b7,-0.035412505
Gm15413,-0.489147318
Nxn,-0.940961448
Lbp,-1.00779099
Lrg1,-1.393427423
F5,-0.864652243
Kif19a,-0.673799663
6430562O15Rik,0.099338279
Fam220a,0.469268046
Lrrc42,-0.208990889
Cept1,-0.24433571
Kif1a,-0.669397672
Itsn1,-0.121295226
Ahcyl2,-0.377796187
Ubr5,-0.360136575
Lamc1,-0.287976856
Rab4b,-0.385486824
Efemp2,-0.37807523
Ocrl,-0.699583674
Clec4n,-0.209381978
Zfp821,-0.464834416
Eed,-0.184917244
Fh1,-0.231601667
Ist1,-0.165086868
Jak3,0.042852939
Picalm,0.071199052
Pter,-0.189849361
Adamtsl4,-0.928953303
Fads3,-0.374432675
Lifr,-0.720429961
Zdhhc23,-1.03507335
Tbc1d9b,-0.749387551
Dram2,-0.62180264
Ap2a2,-0.47536391
Arap1,-0.737995853
Plk3,0.903440456
Jag1,0.615395106
Phc2,0.973855319
Cfhr2,0.095882606
Etv1,0.337066148
Ctsc,0.781179674
Pycard,0.727010477
Nrap,-0.258764141
Crtc3,-0.438002966
Sipa1l2,-0.18399903
Mapk11,0.23283811
Rasa2,0.745259916
Extl3,0.162835992
Nsd2,0.519846071
Chst11,0.500721304
Nup93,0.000527469
Snx6,0.019594353
Etf1,0.092308566
Pinx1,0.337839742
Atf6,0.15279006
Fam49b,0.158463438
Ccr2,0.541409585
Disc1,0.821430665
Dhrs9,0.49140302
Kat14,-0.219154525
Ccnd3,0.163611138
Sh3pxd2b,-0.564058803
Pde4d,0.124609453
Ephb2,0.722546192
Hdac4,0.58015004
Gm16675,-0.375604891
9130023H24Rik,-0.076959141
St7,-0.054984941
Ipcef1,-0.144837188
Nrg1,-0.179261674
Tubd1,-0.323418096
Gm4117,0.269758716
Htt,0.289629245
Ccr5,0.211931
Prkx,0.520462794
Ier5,-0.243476742
Jarid2,0.428499569
Plcl2,0.082243484
Eps8,-0.230477522
Ppfia1,-0.165267418
Snx24,0.05367213
Etl4,-0.188572009
Atg3,-0.496995724
Lgals8,0.028188615
Gbp2,0.87876618
Pfkp,0.987793432
Tmem243,1.2898914
Ccr1,0.433737647
Gtpbp4,0.860635645
Pla2g4a,0.805116712
Wars,0.907438675
Tlr6,0.390699747
Cd200r4,-0.152574808
Fbxo6,-0.070601003
Mmadhc,-0.307258583
Bag3,0.728261847
Nol10,0.133831237
Gm5616,-0.041364704
Il1rn,0.730237791
Clic4,0.959861133
Sdad1,0.752146624
Gatm,-0.007351133
Ube2d3,-0.092493159
Chmp4b,0.284039527
Farsa,0.267411708
Hspa8,0.570814603
Mbd2,0.302839313
Arf6,0.311334082
Zranb3,0.780705295
Gbp2b,0.917525108
Gm15753,0.53565989
Sp110,0.532596598
4933412E12Rik,1.123073661
Psmb10,0.728713134
Tapbpl,1.174048497
Fcgr1,0.234995344
Treml2,-0.005816443
Ptprc,0.334875633
Tank,0.75838549
Sod2,0.734210085
Tma16,0.176218867
4930539J05Rik,0.702395802
Vmp1,-0.015370597
Hectd2os,-0.131340428
Cysltr1,1.792767172
Gpd2,0.980750365
Adgb,0.365777047
Thbs1,-0.89657892
Hp,0.776971313
Mmp14,0.785361914
Tmem72,-1.010985914
Smad7,-0.397924658
Lpar6,-0.284382062
Prdm1,-0.588891261
C4a,-0.430951463
Ly6a,-0.53481174
Ifitm6,-0.268158376
Nupr1,0.05708538
Pcdhgb6,-0.17474062
Relt,0.100517674
Pcdhga11,-0.507564086
Rasl2-9,-0.698350431
2810402E24Rik,-1.091284926
Calml4,-0.509288022
Map3k6,-0.019512544
Gm15880,-0.311661161
Hif1a,-0.72630722
Nectin2,-0.595218241
Fcrls,-0.254741365
Ncf4,-0.007490266
Tm7sf3,-0.888368347
C4b,-0.736716927
Tppp3,-0.468680633
Dlg3,0.09524964
Twf1,-0.112451396
Ccl6,-0.09999616
Rab32,0.1048569
Spi1,-0.129571067
Pign,-0.183630789
Atp11a,-0.311290959
Atp8a1,-0.329378941
Gk,0.238704469
Mphosph10,-0.195413274
Top1,-0.149665146
Ifitm2,-0.130627024
Pirb,-0.010545944
Ankrd50,-0.11949271
Gm4887,-0.005959775
Spred3,-1.021276844
Cystm1,-0.57308758
Htra1,-0.598691744
Zfp672,-0.173072777
Rtn4ip1,-0.907157712
Hfe,-0.873802018
Plekhg2,-0.205129792
Syt11,-0.325229433
Fyn,-0.341613599
Pdgfc,-0.857567091
Wdr41,-0.362645498
Anxa3,-0.340570787
Snx1,0.014185242
Pros1,-0.117463484
Ccl9,0.128345089
Cfh,-0.169428638
Cd38,0.054100753
Bst1,0.012037384
Cyth4,0.235759677
Gfer,-0.584102077
Ppp1cc,-0.675455117
Ssbp4,-0.523333196
Mrpl52,-0.375763588
Cndp2,0.107558942
Ap2s1,0.04406324
Ms4a6d,-0.105092303
Mon2,-0.622348626
Rab31,-0.448957001
Slc39a8,-1.046754573
Tpd52,-0.684759814
Mrps18b,0.23385577
Med29,0.294369567
Gm13552,0.070732156
Gm15417,-0.2991315
Paf1,-0.377063806
Ext1,-1.007507177
H2aw,-0.361775066
Hnrnph2,-0.475717327
Xdh,-0.623333743
Cycs,-0.221691678
Tspo,-0.073833401
Gtf2f2,-0.212624995
Azin1,0.152525127
Eif3j2,0.36936894
Camkk1,0.324459374
Gpr31b,-0.323775945
Mgat4a,-0.665797117
Ttpal,0.047568443
Zfyve19,0.527761298
Ehd4,0.430302364
Ap1b1,0.130024678
Emilin2,-0.086759047
Aig1,0.335357621
Slc35b1,0.313257797
Efhd2,0.169490902
Nxpe5,0.359599982
Itgav,0.06163595
Trmt61a,0.521844315
Bysl,0.398175461
Kpna2,0.577532707
Jmjd6,-0.041241235
Psmc1,-0.179872543
Tlr1,0.019118399
Slamf6,-0.427057577
Abcf3,-0.411002541
Skap2,-0.236387589
Aars,0.185867207
Gda,-0.294019789
Kras,-0.368374994
Pcp4l1,-0.66991845
Med21,0.089072221
Kif3b,0.001117928
Cpne2,-0.267261756
Igfbp6,-0.128838467
Ltb4r1,0.61646395
Selenos,-0.313520922
Coro2a,-0.311545301
Uba5,0.356391825
Sec24d,-0.045012503
Uso1,0.281323111
Clip2,0.699010572
Rrp12,0.499568784
Pno1,0.154767318
Ly86,0.138119795
Naaa,0.409763592
Pacsin2,0.358259078
Yars,0.310150873
Ccr3,0.412538444
Igf2bp2,0.652881738
Msr1,1.069947476
Myo1e,0.311345604
Eif4e,0.139210931
Utp18,0.100616415
Nop2,0.692323347
Ddx21,0.616614622
Pkm,0.557712318
Hspa5,0.095748936
Dnajb11,0.173036676
Manf,0.26105057
Dnajc3,-0.209471682
Atp2a2,0.200120188
Ldha,0.049777321
Psen2,0.151705573
Rhov,-0.013173863
Ppfibp1,-0.064198531
Txndc11,0.049665293
Ccdc115,0.374319291
Ftsj3,0.738833563
Nolc1,0.681241265
Spint1,0.648106936
Tgfbi,0.50244107
Heatr3,0.429792086
Piga,0.448125423
Hmox1,0.090361548
Ltv1,0.353627937
Gm11110,0.405801656
Ppan,1.025842405
Arg1,0.522007689
Thoc6,0.281162885
Hoxa1,-1.220197564
C1s1,-1.505179169
F10,-1.127421318
Usp2,-0.308119937
Alyref2,-0.541940547
Gm15760,-0.224963153
Chst14,-0.212984667
Rab11fip5,0.279972257
C9orf72,-0.629928008
Pgf,-0.626834016
Ezr,-1.168825949
Ric1,-0.593647566
Tmem214,-0.119971882
Vash1,-0.485153369
Galnt6,-0.419672408
Dtnbp1,0.072980533
Enpp1,-0.263838518
Braf,-1.197492026
Kif3a,-1.297680991
Dusp3,-0.403889211
Slc25a19,-0.863185137
Afg3l2,-0.280824806
Slc6a19,-0.914675308
Ptgs1,-0.234356577
Ctsl,-0.225248133
Tmem8,-0.176618224
Inafm2,-0.541315853
Pqlc2,-0.344623414
Neb,-0.473618007
Hsd17b7,-0.535998864
Smad6,-1.149251206
Per2,-0.522240755
Dmxl2,-0.659658189
Fhad1,0.07352117
Abi3,-0.417226667
C130050O18Rik,-0.158564709
Tbl2,-0.013771799
Umps,-0.072633647
Nrcam,-0.309765725
Rngtt,-0.407127645
Nup62,-0.163059848
Pf4,-0.31713523
Ppbp,-0.691245455
Vav3,-0.571906638
Pgam1,-0.596030869
Tpi1,-0.132118865
Ppm1h,-1.225777598
Ust,-0.988347987
Cux1,-0.329012118
Vcan,-0.711620404
Itga1,-0.631580784
Mfsd1,-0.337867435
F13a1,-0.945129199
Arl15,-1.907907867
Plcl1,-2.004704766
Egln3,-1.585357826
Enpp6,-1.195331012
Syne2,-1.928159972
Tanc2,-0.890233472
Cacnb2,-1.206964809
Dgkg,-2.069762636
Arhgap26,-1.536895459
Ddit4,-1.089743976
Dmpk,1.242582678
Tcf7l2,0.569672286
Bcar3,0.67133439
Mettl1,0.737580232
Dock4,1.343345489
Itga9,0.349712535
Spire1,0.051246054
Peak1,0.631357399
Etv5,0.614646589
Rab7b,0.581853762
Itpkb,0.04955295
P4ha1,-0.275139012
Ctnnd2,-0.248639328
Itpr1,-0.109869794
Ank2,-0.26922559
Srm,1.169586207
Pgk1,0.454401724
Slco3a1,0.645875622
Creld2,0.441232324
Pdia4,0.077854586
Hyou1,0.311461262
Pdia6,0.238526851
Ak4,-0.927555469
Bnip3,-0.828771952
Hilpda,-0.421578285
Slc39a12,-1.094463045
Runx3,-0.65563349
Osbpl8,-0.550669319
Hdac9,-0.348614242
Psd3,-0.362090593
Atrnl1,-0.60413737
Sipa1l1,-0.701601178
Ifnar1,-0.313944819
Pfkl,-0.403754253
Slc16a3,-0.684240248
Bcor,-0.679135579
Narf,-0.939420785
Fndc3b,-0.802421255
Arhgap24,-1.222732383
Dip2c,-0.953344595
Cacna1d,-0.330964236
Dennd1a,-0.38477052
Ston2,-0.241736159
Akap17b,-0.91640234
Dtx4,-0.367338002
2310039H08Rik,-0.111689764
Spata5,0.110265221
Airn,-0.288972267
Gm19719,0.379874267
Spon1,0.693671635
Myoz1,0.612661411
Nr0b2,1.220563852
Ankrd66,0.635709763
Fdps,0.221912181
Sirpb1a,-0.015832937
Sirpb1b,0.117209834
Sirpb1c,-0.232797447
Cyp51,0.213958927
Gm5150,0.03998324
Idi1,0.223977169
Alg14,-0.103941712
Hgh1,-0.197851064
Bccip,0.021306424
Nop16,0.232758065
Ankrd37,-0.74325663
Tnfaip8,-0.310976076
Lrrc25,-0.047515017
Sfxn5,0.35818562
Sqle,0.124101988
Basp1,-0.147680536
Sdf2l1,0.387570711
Tlr13,0.176904231
Ccdc134,-0.005463222
Trabd,-0.298448771
Pgp,-0.032294671
Arf2,0.001316775
Bahd1,0.290415677
Cd72,-0.155342186
Dhx29,0.222706722
Lrrc59,0.48219536
Usp10,0.664424248
Polr2h,0.415544514
Slc16a12,0.53634762
Derl3,0.772968762
Spred2,0.783273921
Gm5454,0.893067012
Mybpc3,-0.344865027
Aicda,-0.359992717
Hoxa4,0.171684349
Ddr1,-0.524693914
Pcdhgb7,-0.05197007
Phyhd1,-1.953823204
Slc16a6,-1.470559776
Hax1,-0.850377465
Naprt,-0.598220533
Creg2,-0.22926734
Cdk20,0.248166738
Kdm7a,-0.41566486
Pkd1l3,-0.583155051
Cyp2c23,-1.563480845
Gm5755,-0.803148352
Rn18s,-1.639389614
n-R5s100,0.532838507
n-R5s123,-0.738175305
B3galt5,-0.57177112
Hspa1l,-1.276759168
Snord83b,-0.666373313
Gm5858,-0.23722906
Plppr3,0.751436864
Bc1,2.079208466
Gm5069,1.505945793
Gdap1l1,-0.471908104
Spata25,-0.53708909
Gm8317,1.237780902
Kalrn,1.952320695
Akap6,-0.136625227
Snhg4,0.671636195
Ocstamp,0.591554266
Dmwd,2.380384468
Gm7809,0.914709656
Ell2,0.643730662
Glrx,0.651687211
Fabp7,0.629778116
Slc23a2,0.87202242
Tubb6,1.010377642
Gnptab,0.497798362
Evl,1.350572873
Lair1,0.961709866
Hk3,1.500849055
Nek6,1.515556439
Cox6a2,0.005241309
Inpp4b,-0.283557403
Tmem178,-0.022823235
Gfra1,-0.664851267
Hsp90aa1,-0.182928672
Itpa,0.536983863
Kti12,0.404799586
Nufip1,0.285229417
Tcerg1,0.643404331
Tsr1,0.582071975
Bid,0.611593765
Ctu2,0.766266007
Snrnp35,-0.023987584
Zfp618,0.053774005
Aopep,0.021327347
Tcp11l1,-0.457403381
Tmem167,-0.058643506
AB124611,-0.102574513
Tmem106a,-0.025517695
Gask1b,-0.091416071
Mrc1,0.138302158
Cd244a,-0.092220063
Cltb,-0.00829528
Fgl2,-0.432377292
Pdpn,-0.401795673
Erh,-0.084425419
Morf4l2,0.336414318
Ripk3,0.306703782
Ufm1,-0.375107088
Abce1,0.085150088
Tgm2,0.196794377
C920009B18Rik,-0.413587063
Olfm1,0.787033895
Zbtb7b,0.254651911
Nol11,0.309430295
Gmppb,0.582200293
Lsm12,0.104582364
Ccl8,0.45359243
Fcgr4,0.208858511
Aen,0.746378181
Mvp,0.474933421
Atp1a1,0.938491135
R3hdm1,0.462668243
Sec23b,0.026090926
Chpf,-0.712486672
Fn1,-0.032067039
Snora65,-0.254749453
Enpp2,0.038919714
Gpc1,0.13163114
Notch1,-0.338954953
Tiparp,-0.850268909
Pdgfa,0.831678159
Fam114a1,-0.145406201
Gsdme,0.330118118
Synj2,-0.163832348
Dagla,-0.274188876
Smad3,-0.247635855
Adora2b,0.102404119
Ldlr,0.399811507
Il1r1,-0.211006926
Slc26a2,-0.039519028
Hk2,-0.704641534
Pprc1,0.769288171
Comp,-0.188973449
Il1bos,1.346067845
Gpr84,2.683593834
Marcksl1,3.211333151
Il1b,2.188772907
Tlr2,2.021577565
Stat4,1.44384328
Cd14,2.829152873
Siglece,2.369301715
Gpc2,-0.227789847
Clec4e,1.962656755
Gm15987,0.825320683
Serpinb2,2.70025533
Il1a,2.468448531
Marco,2.611934013
Saa3,2.154458799
Cxcl3,2.900907431
Cfb,2.696954869
Ly6i,2.3651797
Cxcl2,1.822308624
Ms4a4b,2.558260841
Cp,2.571614863
Fpr2,2.721563241
Gm10560,-0.896580077
Serpine2,-0.733927182
AI463229,-1.034257104
Wfdc18,-0.765611672
Zfp58,0.821702494
Aste1,1.342912563
Gcc1,1.039755538
Irf1,1.279744602
Amotl2,0.902976843
Cgas,1.011586237
Mafk,1.112997547
Zfp595,0.030078378
Fbxl14,0.051139669
Cish,-0.122211414
Plekhf1,-0.376650306
Tifa,0.411103686
Trim16,0.446482748
Stk17b,1.319144531
Usp27x,1.226098725
Cldn12,0.60827694
Pde4b,0.588394287
Zfp456,0.85512929
Rab20,0.596495738
Zfp429,0.225581743
Errfi1,1.428024221
Cd83,1.822897751
Nrros,1.813745607
Eid3,0.966362503
Gan,0.348718379
Gm20204,0.23426528
Kdm6b,0.412992676
Fgf9,-0.114602641
Rgcc,0.020968366
9330175E14Rik,0.31304581
Rnd1,0.034736549
Rbm48,-0.149748683
Fzd7,-0.356983821
Sema4c,-0.123369445
Map3k8,-0.845322882
Bhlhe40,-1.061395731
Zfp874a,-0.496924675
Pim1,-0.310574742
Ptger4,0.044011261
Tirap,0.117295891
Dnah17,0.72154116
Pde12,0.346894299
Rap2b,0.305323858
Etv3l,0.074683903
Midn,0.041788466
Utp23,0.33502128
Gm11725,-0.164048929
Nfil3,-0.067768707
Etv3,-0.359645755
Sbno2,-0.21227704
1810019D21Rik,-1.099074884
Gadd45g,-1.31846255
Socs3,-1.051047044
Cebpd,-0.127215742
Plk2,-0.497409811
Ppp1r3d,-0.17416407
Cnksr3,-0.236297725
Trp53bp2,-0.014605363
Fosl2,0.327976221
Bach1,0.179985259
Csrnp1,0.089387656
Dclre1c,-0.062336492
E230013L22Rik,0.439996934
Fam160a2,-0.65732488
Sh2d5,0.016330722
Rnf122,0.513312772
Dpysl2,0.677415417
D1Ertd622e,0.742498737
Ralgds,0.525375863
Hoxb4,-0.770638181
Bcl11a,-0.957450237
Gm20100,-0.88141411
Gm20234,-0.468028085
Ppp1r16b,-1.120473251
Twistnb,-0.399732459
Zbtb18,-0.867869925
Dusp2,-0.928651056
S1pr3,-0.729142218
Gm16982,-0.463724535
Chsy1,-0.605716816
Id3,-1.169436001
Usp53,-0.7604577
Mettl18,-1.39090243
Zfp174,-1.272028975
Gadd45a,-1.220963119
Pfkfb3,-0.494726643
Suv39h2,-0.613369351
4930487H11Rik,-0.153161406
Rusc2,-0.630374272
Phxr1,-1.291384864
Irs2,0.558194836
Arrdc4,-0.209170432
Csrnp2,-0.580870677
Spata13,-0.584398203
2810410L24Rik,-0.169503153
Cdc42ep2,0.384991439
P2ry2,0.297704419
Zc3h12a,0.149276255
Kbtbd11,-0.142729668
Rrad,-0.332587982
Klf7,0.593704728
Ctdp1,0.505047024
Rara,0.458625641
Cttnbp2nl,1.106858449
Prag1,0.654394262
Mefv,0.674264754
Zfp263,-0.265312434
Tnfsf9,0.289920362
3110082I17Rik,-0.210131079
Gramd1a,-0.244971475
Pvr,-0.042799589
Bcl3,-0.224580556
Gpr146,-0.553230985
Lonrf1,-0.656293993
Cebpb,-0.155954795
Skil,-0.042991061
Gm10091,1.1967889
Prx,-0.209086691
Lfng,0.085386657
Map2k3os,-0.054309298
Id2,-0.954376365
Klf3,-0.935109973
Snord89,-0.862141143
Ier5l,-1.454846358
Ier3,-0.915127443
Junb,-0.84081402
Bmf,-1.581396291
Map3k14,-0.854895029
Cdk5r1,-1.047123864
Thbd,-1.737841542
4833411C07Rik,0.564426286
Ly6g6e,-1.232022494
Aldoart2,-2.574459184
1700066B19Rik,-1.103476012
Mir339,-1.437975942
Lefty1,-1.206368744
Gm13215,-1.300196363
Snord14e,-0.89510084
Egr1,2.377916295
Nr4a1,1.937909083
Rdh12,1.179964827
Zfp85os,1.687008417
Snord49a,1.286019948
Nfatc4,0.833558341
Siglecf,-0.165416213
1700022N22Rik,-0.040797517
Slc9a2,0.693128738
Cxcl11,2.023894853
Ildr1,1.269685652
Phlda1,1.511700754
Rnf24,1.019961548
Ets2,0.646402315
Spry2,1.11832784
Col6a3,2.317526846
Loxl1,2.47347783
Tnc,2.350021054
Col5a3,2.379996519
Bgn,1.479808944
Loxl2,2.024008998
Gm6225,0.660615598
2310068J16Rik,0.995767065
Fam174b,2.66104256
Lcat,0.359670803
Gm10851,-0.290961523
Pou2af1,-0.529811725
Cd69,1.748812237
Gm12250,2.057119864
Irgm1,2.130598616
Daxx,2.003368713
Gm4951,1.504335978
Irgm2,1.886957628
Batf2,1.629979203
BC023105,2.617267883
Gm4841,2.936109953
Boc,1.212282397
Gdap10,1.549208168
Mtfr2,1.516628748
Zfp366,1.362903201
Mir221,0.793047947
Gm6377,1.101568625
Tnip3,1.236467167
Zfp281,1.705636473
Acvr2a,1.242094901
Rnd3,0.928902131
Dlc1,0.668331957
Tmem51os1,1.885973149
Ppp1r1b,1.04895915
F3,1.448877393
Socs1,1.697164063
Zfp459,1.334055562
Zbtb5,1.693111589
Cxcl10,2.256344277
Mx2,1.849291144
Acer2,-1.500485378
Spsb1,0.139340246
Spef2,-0.227713034
Ulk4,-0.398823092
Ovgp1,-1.591256016
Sspn,-1.70466221
D11Wsu47e,-0.360520794
Stat5b,0.028356591
Mysm1,0.475652496
Csf1,-0.350309671
Rhou,-0.143236911
Abl2,0.111308033
Cdkn2d,-0.313932329
Btg1,-0.11279408
D730005E14Rik,-0.530241134
B3gnt7,-0.623036131
Arid5a,0.372070004
B4galt3,0.046543414
Ahr,0.181520248
Ugcg,-0.038698613
Blzf1,-0.074564317
Zfand5,0.496596497
Abhd17b,0.120190292
Batf,-0.195735708
Rybp,0.723775758
Rybp-ps,1.294333672
Gm10099,0.892659044
Noct,1.122722456
Ifitm7,-0.081965119
Cd274,0.535082788
Rnf19b,0.532478328
Hbegf,0.689787033
Tec,0.416245833
Mgat1,0.359598375
Ripk1,0.928736526
Rubcnl,0.598224374
Cflar,0.721826784
Zkscan6,0.982372774
Calhm5,-0.403842595
Ric8a,-0.344386074
Sirt3,-0.560953129
Mrm2,-0.803638993
Nudt1,-0.820153817
Tnfaip8l1,0.333883193
Klf2,-1.260489185
Sowahc,-0.98568883
Dock3,0.155600504
Fbxl20,-0.619546508
Klf4,-0.028016315
Vsig10l,0.29530917
Msantd3,-0.572990691
Dhrs13,-0.715647277
Exoc3l4,-0.875415071
Fas,-0.677545492
Il15,0.792165229
Ppm1k,0.153437238
Ccl3,-0.686684208
Hepacam2,-0.034609924
Ssh2,0.227128027
Trip6,-0.108552823
Gfra2,1.107178881
Magohb,-0.409476338
Nampt,1.509254109
Homer1,2.08154265
Ifi204,1.49072316
Parp10,1.567959744
Il27,1.572091146
Tmem67,1.464021136
Ifih1,1.425041785
Trim30d,1.103402237
Pcgf5,0.503527691
Lrch1,1.245522837
Rhbdf2,1.098926263
Ptgs2,1.062533223
Bex6,0.22923084
Gm2895,0.758657458
Nod1,1.02893317
Tlr3,0.99474587
Slfn5,1.083287791
Slfn8,1.286314236
Gch1,0.856825889
Mndal,1.064226601
Dtx3l,1.246786654
Ifi203,1.492917843
Calhm6,0.660134565
Themis2,0.938928817
Gm8995,0.816458929
Gbp5,0.618503864
Gbp7,1.042270745
Sectm1a,0.64894418
Setdb2,0.905690562
Ifi203-ps,1.261076064
Gbp4,1.046234271
Gbp6,1.058178369
Ifi47,1.408120948
Gbp10,0.689261417
Fndc3a,1.450977774
Parp9,1.240944567
Zup1,1.326785791
Gm18852,1.30226753
Gm18853,1.289158362
Oas2,0.306423065
Trim12a,0.913349525
Stat2,0.86697599
Trim12c,1.037508004
Arhgef37,0.737676883
Misp,0.700674074
Slfn1,1.344930835
Ifi214,1.047128097
Ifi209,1.071459241
Ifi205,1.355189759
Ifi211,1.389653516
Ifi208,1.288691698
Ifi213,1.059843906
Parp14,1.741184805
Eif2ak2,1.697642583
Tap1,1.882993482
Noc4l,1.213611701
Dcun1d1,0.45830456
Rap2c,1.180426532
Zyx,0.797405954
Zfp800,1.529691215
Mitd1,1.531740619
Igtp,2.108685534
Tgtp1,1.475423445
Tgtp2,1.377596273
Serpina3g,1.252960593
Iigp1,1.997650891
Serpina3f,2.000134988
Ccl2,1.225298615
Fam241a,0.91847584
Epha1,0.386437173
Dr1,0.964611497
Ifi207,1.386322095
Map3k3,0.75916698
Trim30c,0.97000387
Ppp1r15b,0.800148126
Slfn2,0.372355604
Prpf4,0.769217247
Hcar2,1.234029124
Sav1,0.437853083
Stx11,1.11666115
Prss30,-0.004831606
Klrk1,1.570216997
Lck,0.308597912
Mmp13,1.069545082
P2ry13,0.521132473
Tpx2,0.202371457
D16Ertd472e,-0.069828641
Msrb2,-0.309211862
Cd33,0.86184731
Lcp2,0.698935744
Hlx,-0.75412571
Mark4,-0.610628032
Aff1,-0.155827146
Cemip2,0.394869296
Ptpn2,-0.017035653
Txnrd1,0.065225389
Rhoq,-0.417465519
Ikzf1,-0.003754637
Pik3c2a,-0.198019013
Smagp,-0.438460742
Susd6,-0.962456228
Dusp16,-0.162326333
Ptpn12,-0.260454535
Tnfrsf13b,0.092229662
Klrb1b,-0.587468226
Samsn1,-0.221973474
Thap6,-0.498760738
Fam174a,-0.238759188
Fzd1,-0.386909747
Apaf1,-0.915204365
Slc12a9,-0.633986423
Tmem236,-0.189917972
Jak2,-0.224088049
Slc30a4,0.206921801
Abcb1b,0.298286318
Mob1b,0.390175166
Spred1,0.209419888
Ndnf,0.012878634
Ch25h,-0.330738117
Gpr15,0.371386722
Creb5,0.438735686
Nabp1,-0.018339539
Rbbp8,-0.107420605
Tlk2,0.323294178
Chst7,-0.311876344
Apobec3,-0.176225455
Tfec,-0.63795541
Shb,-0.638357452
Nr3c1,0.325453544
Vta1,-0.023174825
Trim30b,0.071687498
Vdr,-0.015924141
Casp8,0.527047259
Pnpt1,0.620338586
Dck,-0.086522213
Gbp11,0.006708675
Gm15853,-0.268424654
Cd209c,-0.478632783
Stard7,-0.439316227
Ccl24,-0.206076176
Rskr,-0.545550746
1110019D14Rik,0.037605228
Ccdc71l,0.145885836
Ppp1r18os,-0.654049325
Tet2,-0.209266628
Ppard,-0.346861227
Slc41a1,-0.771281353
Aftph,-0.321610694
Fam217b,-0.586929257
Nckipsd,-0.734326358
Nfyb,-0.909513793
Tha1,-1.082701217
B4galt5,-0.19201857
Tle3,-0.335181744
Sema6b,-0.9782796
Tnip2,-0.563857237
Slc11a2,0.249967005
Slc37a3,0.530352445
Hs3st3b1,-0.026944076
Ccl4,0.490916566
Jun,0.762255231
C630043F03Rik,-0.622375163
Il17ra,-0.162557707
Plscr1,0.151217403
Gm16548,-0.119082195
Slamf1,-0.366317991
Rnasel,-0.152331648
Adora3,-0.370353718
Gpr171,-0.207722141
Mt2,-0.1144289
1110059E24Rik,0.09641376
Wdhd1,-0.316417667
Serpinb1a,-0.868157923
Gimap4,-1.082639975
Tent5c,-0.173188994
Slc16a1,-0.698922765
Socs2,-0.930788429
Tnfrsf18,-0.286253599
AW046200,0.337220796
Gm19955,-0.582971395
Bcas1,-1.153015746
Gm5434,-0.275856569
Mrap,-1.227222235
Prr15,-0.659967444
Mixl1,-1.555085001
Nepro,-0.940909767
Zfp36,-0.316883756
Lppos,-1.006409481
Asb4,-0.999983148
Castor1,-1.460654157
1700052K11Rik,-0.808777896
Fam167b,-0.36159794
2010016I18Rik,-0.11337559
Cep76,-0.53805881
4930581F22Rik,-0.967679902
Ifitm5,-0.926001113
Cfap126,-2.348599985
Fcrla,-0.69194347
Creb3l4,-0.162079178
Ribc1,-0.96088012
Mcam,-1.487473845
1700001L05Rik,-1.947993465
Ffar2,-1.954986433
Cd300lf,-1.173066278
Syde1,-1.700067582
Mamld1,-1.060117856
Tmc4,-1.316848537
Src,1.085622428
Arhgef10,-0.214872929
Insl3,-0.439265468
Sh3rf1,-0.78977138
Fcho2,-0.199729328
Mb21d2,-0.525993204
Iqsec2,-1.05297477
Sec24b,-0.388885686
Epha4,-1.115719161
Fchsd2,-0.243795863
Cdc14a,-0.975932268
Mtm1,-0.91393374
Btg3,-1.250527305
Dennd5b,-1.594221552
Foxp4,-0.88424521
Camkk2,-1.126666373
St3gal4,-1.089526107
Kctd1,-1.344199136
Lrrc75a,-1.983488976
Arg2,-1.066342093
Paqr8,-1.88264091
Dpep3,-1.23178729
Pole2,-1.472885482
Osm,-1.193436133
Paqr3,-1.564210009
Tmem198b,-0.900157292
Ddi2,-1.387447199
Rin3,-1.636129909
Gab1,-1.306631297
Snx8,-1.398264892
Kdr,-1.20035303
Rnf38,-1.180373218
Rpain,-0.961155568
Stat5a,-0.399614494
Tlr4,-0.622993015
Dusp23,-0.710649485
Gm7334,-1.409695022
Rab9,-1.232880256
Slc35a5,-1.402649071
Btla,-0.649876223
Rab27a,-1.444789346
Dusp1,1.205852236
Trem1,0.817240516
Slc4a11,0.584783766
1700112H15Rik,-0.710664606
Atf7ip2,-0.566414813
Filip1l,0.389823847
E230016K23Rik,-0.096477951
Tns2,-0.471945571
Uck2,-1.090554911
Aldh1b1,-1.162773165
Auh,-1.351785098
0610040J01Rik,-1.364199139
Sycp2,-1.695252119
Mindy4,-0.77285464
Svil,0.201689453
Ntn4,-0.708366489
Rpgrip1l,-1.111513194
Htr7,-1.173869303
Msantd1,-0.811054319
4930432J09Rik,-0.453383418
Mir3101,-0.446276541
Ier2,0.798192754
Mdk,-0.10146859
I730030J21Rik,-1.871157631
Whrn,-2.229647525
Tead3,-0.164529827
Trim72,-0.083852864
Nrbp2,-0.873012708
Slc44a3,-2.220756897
4833427F10Rik,-1.971770498
Trim46,-1.853116309
Nckap5l,-1.60241788
Slc25a15,-1.474823893
Celsr3,-1.757106621
A430108G06Rik,-1.176559957
H3c14,-0.622219724
Gm5123,-1.326205067
Ptpdc1,-1.040516388
Tram2,-1.466704056
D930016D06Rik,-0.491102065
Gm5073,-0.994702097
F11r,-2.192582909
Mtus1,-1.297938317
Thsd1,-1.271874517
Gpr82,-0.399354731
Dennd4a,-1.163892
Grk6,-1.244623076
Hnrnpll,-1.151835591
8430426J06Rik,-1.355250238
Bvht,-1.378755631
Rasip1,-1.358285244
Satb1,-0.830234953
Wdr63,-1.654103339
Gapdhs,-0.455968323
Gm15327,-0.760056865
1-Mar,-1.492242471
Aldh1l2,-1.998524938
Guca1b,-1.296377348
H2-Q10,0.505828854
4933424G06Rik,0.168161134
Sec1,-1.29139339
Fam57b,-0.294673117
Megf11,0.958218092
Hic1,-0.173354644
Snora81,0.037841606
Zfp473,-0.742304021
Bcl2l11,-1.611360761
Osbpl11,-1.243751717
Sh2b2,-0.805398642
Zfp703,-0.164167826
Mroh6,-0.149243752
Nrbf2,-0.85435491
Stk38l,-0.374251457
Rcan1,-0.9908189
Pla2g15,-0.973282856
Slc25a51,-0.665094812
Gramd1c,-0.659260059
Wdr49,0.201136686
Gm15354,0.122564468
Slfn10-ps,0.199925265
Ccl12,0.093092248
Ccl7,0.677790229
Ccdc25,0.811650214
Gbp3,0.69360214
Gbp9,1.441899105
Snx2,1.179890646
Cd164,0.493972883
Cd40,0.567817302
Ranbp2,0.460253372
Tra2b,0.618664886
Bloc1s6,-0.025574502
Mindy3,0.315503521
Dennd2d,-0.008358636
Dusp10,-0.775767841
Rnf217,0.656845087
Wdcp,-0.118948699
Gbp8,0.370012127
Tigd2,0.415789259
Ccdc162,-0.693852789
Shfl,0.159486508
Fcrlb,-0.953937631
Lhx2,-0.746166521
Fcrl5,0.14216718
Sntb2,-0.117889264
Gal3st4,-1.218553972
Zfp558,-0.888732061
Trim3,-1.071086015
Dnajb5,-0.648122184
Pik3r5,-0.714531954
Dgka,-1.091089715
Cyth3,-1.236130433
Ttc39b,-0.680358331
Selp,-0.731058001
Fbxl5,-0.705721857
Wbp11,-0.886310271
Sptlc2,1.62E-05
Atp6v0a1,-0.01194484
Scamp1,-0.415051514
Gm8578,-0.596620834
Secisbp2l,-0.339753503
Casp4,-0.306360219
Nipa2,-0.422156344
1600014C10Rik,-0.961700746
Mcoln2,-1.424022225
Akap13,-1.035975731
Pik3cd,-0.436505893
Acvr1b,-1.52584071
Litaf,-0.982897872
Hipk3,-0.917090543
Tacc1,-1.157189272
Fbxl2,-0.943664172
Rtn4rl2,-1.672212125
Camk2g,-1.331777991
Arfgap3,-1.023714611
Gcnt2,-1.305593048
Gsr,-0.545263824
Stat3,-0.484809157
Pstpip1,-0.780537808
Ptpn1,-0.731200083
Tbc1d14,-0.928180524
1-Mar,-0.235746957
Tnfrsf1a,-0.183035031
Phactr4,-1.416757848
Cdk8,-0.793499224
Fgr,-1.215636866
Cd209e,-0.939010048
Qtrt2,-1.059045836
Mt1,-0.074779661
Odc1,-0.459817139
Cyp4f16,-0.941550054
Slc35f5,-0.631662825
Ltbr,-0.369582166
Snx18,-0.733340843
Bmp2k,-0.57596438
Tnfsf14,-1.172294159
Gfod2,-0.659358561
Ovol2,-0.876981771
Rspry1,-0.57693339
Trip10,-0.238188102
Casp6,-1.124381792
Tmed1,-0.085652903
4833419F23Rik,-0.128488495
Sphk1,-0.930598066
Wdr77,-0.667947536
Armcx3,-0.547390347
Armcx6,-0.032697162
Clcc1,-0.349833836
Eif1a,0.218026924
Ppp2r5b,0.256493162
G530011O06Rik,-0.293678238
Steap4,-0.115732378
Pmepa1,-0.20629477
Ncoa5,0.389974956
Anxa7,0.178031648
Rars,0.326560995
Cnn3,-0.295804965
Pdcd1lg2,0.411457149
Scimp,0.477770225
Slc28a2,0.300573765
BC049715,-0.438691602
Cd209a,-0.445124847
Hip1,-0.378738795
Vezt,-0.314807402
Slc39a14,-0.09962174
Heatr1,-0.421980192
Smox,-0.510356506
Synpo,-0.46273508
Dab2,0.056754262
Inpp5b,-0.173270656
Gm16364,-0.355518485
Gca,-0.714188234
Tax1bp1,-0.341029139
Casp1,-0.219413999
Sf3a3,-0.731019391
I830077J02Rik,0.096075105
Mid1,-0.118040596
Rps6ka3,0.25085607
Slc7a5,-0.192395019
Malsu1,-1.154818679
Myd88,-0.697937669
Stx7,-0.514130257
Tmem173,-0.514000414
Gm6485,-0.685918677
Pak1ip1,-1.559950046
Cyp4f37,-0.481045792
Ccdc86,-0.026708105
Ddx31,-0.135038151
Cdh1,0.363109868
Adgrg6,0.959762352
Slc28a2b,0.175369003
Casp12,-0.564176144
Casp7,0.116730358
Klhl2,-0.049753584
Tapt1,-0.033237444
Nrp2,-0.629741939
Slc12a7,-0.397458084
Baz1a,-0.325454272
Dram1,-0.142381675
4930503L19Rik,0.456017873
Agfg1,0.010509695
Map2k4,0.363247774
Cd200r1,-0.565001657
Plekhg6,-0.208554778
Gm19705,0.276111131
Syna,0.256727293
Katna1,0.930428444
Asap2,0.76316639
Il15ra,1.201971838
Il1rap,0.897602963
Gm1966,0.948358701
Tanc1,0.470995495
Baz2b,0.282302053
Prr5l,0.349947615
Cers6,1.882028074
Trps1,2.096269544
Cdk6,1.338864156
Chac1,1.037542995
C130026I21Rik,1.151188027
9130208D14Rik,1.639448728
Gm8979,1.476743924
Gm4070,1.59465405
Gvin1,1.525357674
Sp140,0.894454424
Trim30a,0.708316597
Cacna1b,1.002520209
Gm8989,1.682394959
Gm17767,-0.758320361
Il1r2,0.192583855
Klra2,1.697051786
Xcr1,0.689699589
Ccnd2,2.817778008
Fam72a,1.960422165
Slamf8,1.899342244
Isg15,1.663357015
Phf11d,1.483623136
Herc6,1.524101671
Trafd1,1.335872461
Pnp,0.995606125
Pnp2,0.966159867
Mlkl,1.803674914
Dhx58,1.531543028
Zbp1,1.335915257
A330069E16Rik,0.055094923
Gm10791,1.294265837
Tiam1,0.443987428
Abtb2,0.688658481
Etv6,0.984114255
Hivep2,0.791827328
Arap2,0.639685384
Clcn5,0.313142221
Bcl6,-0.133400779
Ikzf2,0.236851629
Ankrd11,0.464679232
Rapgef5,0.608932395
Snord96a,0.317871719
Rbpj,0.456603416
Rgl1,0.29686624
Map11,0.647474892
Tgfbr2,0.177746367
Gsap,1.820919257
Ubash3b,1.502493619
Fnbp1l,0.868106857
Gm11787,0.686207228
Lyn,0.954547298
5430427O19Rik,0.09731111
Lipe,0.134502457
Degs2,1.158502307
Slc25a25,0.446193453
Chd7,0.301999954
Rai14,0.507393859
Larp1,0.829101735
Nlrc5,0.802016403
Nmi,1.071837923
4930453N24Rik,0.072436109
Prpf38a,0.17845072
Otud1,1.85683166
Dop1a,1.34350753
5-Mar,1.565189237
Atp10a,1.407856767
Dgkh,1.527265889
Il18rap,1.215127885
Azi2,0.954085696
Max,0.852781962
Pdcd10,0.653465586
Lipg,1.384186932
Rmdn3,0.834331682
Snx10,0.338575736
Irf2,1.761789465
Hrh2,1.491341943
Naa25,1.242709703
Cxcl9,1.774622149
Samhd1,1.974317397
Tpst1,1.714165974
Aldh18a1,1.830204441
Ppa1,1.159267512
Igsf11,1.027502359
Rcn1,1.918029637
Rmi2,0.292818528
Pdss1,1.451151517
Bcl2l1,1.391453907
Nid2,1.460558865
Ndrg2,-1.152002522
H3c15,-1.47339231
Tvp23a,-1.34515582
Arfip2,-0.498512224
Tars2,-0.247199526
Zc3h12d,-0.401486405
Rab3il1,-0.289347871
Tmem268,-0.849808729
Csf3r,-1.137613272
C1rl,-1.491644751
Hdac6,-1.262745468
Kmo,-0.328246446
Rnf149,-0.80775921
Ctnnb1,-1.240534982
Tgm1,-1.428679422
Vapa,-0.626989664
Slc41a2,-0.009200574
Kcnk13,0.22288295
Vav1,-0.0254466
Ednrb,-0.364284557
Nsmce1,-0.361080569
Arl8b,-0.350945519
Smc1a,-0.41258731
Csf2rb,-0.435393502
Csf2rb2,-0.261321121
Rcn2,-0.690470125
Rgsl1,-0.260537805
Mir22hg,0.308536563
Spryd3,0.237356831
Timm10b,0.178865351
Atf4,0.630720214
Piwil2,0.214920051
Morrbid,-0.856647664
2610001J05Rik,-0.325715314
Plekha3,-0.210087
Plek,-0.283270766
Stx12,-0.604473649
Ube3a,-0.272152412
Il21r,-0.331412655
Il4ra,-0.548268752
Rbm12,0.257242303
Tpp2,0.598757783
Gja1,-0.113464274
Ndel1,0.107263267
Ppp4r1,-0.302016067
Gtf2f1,0.127645373
Wfdc17,0.002517229
Lilrb4a,0.213705167
Riok3,0.027123666
Sell,-0.824632911
Ndrg1,-0.819242211
Tspan13,-0.994994662
Adpgk,-0.948929227
Pmvk,-0.881348878
Soat2,-0.325934146
Bzw2,-0.653001082
Il13ra1,-0.347495413
Gm19905,-0.250053185
Ppme1,0.350860739
Uxs1,-0.693276468
A4galt,-0.906077725
Azin2,-0.810086351
Cdkl2,-0.451412604
Gm16907,-0.04569591
4632427E13Rik,-0.699452574
Uxt,-0.965057531
Trib1,-0.449061381
Kri1,-0.734151569
Lilr4b,0.169308586
Pgs1,-0.233387866
Pelo,-0.56569809
Gpr85,-0.234887981
Mafb,-0.531794414
Gm20367,-0.43477738
Ppef2,-0.692860179
Yrdc,-0.337810942
Muc1,-0.923813746
Maoa,-1.166893232
Hsd17b10,-0.548003111
Mmp19,-0.727542683
Flywch2,-1.27643479
Acat3,-1.504016472
Fabp4,-1.236585464
Ggn,-1.155381066
Epas1,-0.964939764
Snapc1,-0.135932135
Ssx2ip,-0.355550895
Enah,-0.638280713
Zswim7,-0.896466278
Gm9733,-1.072679973
Asns,-0.292260075
Dnajc21,-0.27427764
Ccno,-0.64740718
Mapk13,-0.267766969
Pcdhga5,-1.458044773
B230216N24Rik,0.079718412
E230029C05Rik,0.142679442
4930556M19Rik,0.28491182
Gm4262,0.431903006
Ccdc106,-0.013163254
Ccdc80,-0.442430781
Cnbd2,-0.956746053
Snord72,-1.015927605
Arhgap27os3,-0.302595923
Gm19660,-0.514503688
Pcdhgb5,0.389392941
Mirlet7d,0.114933586
Snord47,0.41199545
Atp7a,1.135142787
Crem,0.309947292
Bbs12,-0.016121677
Irf2bpl,0.387603415
Map2k3,0.511809419
Sertad1,1.173547323
Tada2b,0.568635904
Ccdc92,0.035122283
Zfp398,0.159127143
Taf4b,0.067447972
6330418K02Rik,0.202905908
Id1,1.330618196
Ceacam19,0.499421313
Flrt3,-0.226733757
Nop58,1.186565337
Sdc4,1.179064758
Slc2a1,0.630364655
Gna13,1.170012929
Il10,0.583927654
Emp1,0.29133327
Polr3d,0.173888411
Siah2,-0.130347789
Ube2f,-0.399499613
Rhoh,0.013673364
Ppp1r3b,0.285507586
Smim3,-0.270404171